<?xml version="1.0" encoding="UTF-8"?>
<project-private xmlns="http://www.netbeans.org/ns/project-private/1">
    <editor-bookmarks xmlns="http://www.netbeans.org/ns/editor-bookmarks/2" lastBookmarkId="0"/>
    <open-files xmlns="http://www.netbeans.org/ns/projectui-open-files/2">
        <group>
            <file>file:/C:/Users/my8/Documents/NetBeansProjects/MyShelter/src/java/com/aeg/shelter/facade/AnimalFacade.java</file>
            <file>file:/C:/Users/my8/Documents/NetBeansProjects/MyShelter/src/java/com/aeg/shelter/dto/AnimalDTO.java</file>
            <file>file:/C:/Users/my8/Documents/NetBeansProjects/MyShelter/src/java/com/aeg/shelter/model/Animal.java</file>
            <file>file:/C:/Users/my8/Documents/NetBeansProjects/MyShelter/src/java/com/aeg/shelter/web/AnimalBean.java</file>
            <file>file:/C:/Users/my8/Documents/NetBeansProjects/MyShelter/src/java/com/aeg/shelter/dto/AnimalListDTO.java</file>
        </group>
    </open-files>
</project-private>
